year,jurisdiction,deadly_accidents,serious_accidents,other_accidents,deaths,seriously_injured,other_injured
2014,Γ.Π.Α.Δ. ΑΝΑΤΟΛΙΚΗΣ ΜΑΚΕΔΟΝΙΑΣ & ΘΡΑΚΗΣ,42,66,356,43,80,507
2014,Γ.Π.Α.Δ. ΑΤΤΙΚΗΣ,191,239,5865,199,277,7265
2014,Γ.Π.Α.Δ. ΒΟΡΕΙΟΥ ΑΙΓΑΙΟΥ,16,15,57,16,17,79
2014,Γ.Π.Α.Δ. ΔΥΤΙΚΗΣ ΕΛΛΑΔΑΣ,72,58,325,80,69,526
2014,Γ.Π.Α.Δ. ΔΥΤΙΚΗΣ ΜΑΚΕΔΟΝΙΑΣ,18,13,44,18,23,100
2014,Γ.Π.Α.Δ. ΗΠΕΙΡΟΥ,30,37,76,30,49,168
2014,Γ.Π.Α.Δ. ΘΕΣΣΑΛΙΑΣ,53,38,167,60,45,236
2014,Γ.Π.Α.Δ. ΘΕΣΣΑΛΟΝΙΚΗΣ,50,52,1707,54,63,2173
2014,Γ.Π.Α.Δ. ΙΟΝΙΩΝ ΝΗΣΩΝ,13,28,118,13,32,174
2014,Γ.Π.Α.Δ. ΚΕΝΤΡΙΚΗΣ ΜΑΚΕΔΟΝΙΑΣ,65,59,279,72,70,479
2014,Γ.Π.Α.Δ. ΚΡΗΤΗΣ,48,50,102,57,59,151
2014,Γ.Π.Α.Δ. ΝΟΤΙΟΥ ΑΙΓΑΙΟΥ,40,108,178,40,126,259
2014,Γ.Π.Α.Δ. ΠΕΛΟΠΟΝΝΗΣΟΥ,58,85,462,64,100,661
2014,Γ.Π.Α.Δ. ΣΤΕΡΕΑΣ ΕΛΛΑΔΑΣ,48,47,301,52,58,438
2015,Γ.Π.Α.Δ. ΑΝΑΤΟΛΙΚΗΣ ΜΑΚΕΔΟΝΙΑΣ ΚΑΙ ΘΡΑΚΗΣ,34,58,397,36,64,581
2015,Γ.Π.Α.Δ. ΑΤΤΙΚΗΣ,213,226,5392,224,252,6622
2015,Γ.Π.Α.Δ. ΒΟΡΕΙΟΥ ΑΙΓΑΙΟΥ,14,32,43,14,39,77
2015,Γ.Π.Α.Δ. ΔΥΤΙΚΗΣ ΕΛΛΑΔΑΣ,70,61,437,74,69,639
2015,Γ.Π.Α.Δ. ΔΥΤΙΚΗΣ ΜΑΚΕΔΟΝΙΑΣ ,15,16,68,19,20,100
2015,Γ.Π.Α.Δ. ΗΠΕΙΡΟΥ,20,28,73,20,31,118
2015,Γ.Π.Α.Δ. ΘΕΣΣΑΛΙΑΣ,30,35,168,31,43,236
2015,Γ.Π.Α.Δ. ΘΕΣΣΑΛΟΝΙΚΗΣ,51,52,1794,56,56,2276
2015,Γ.Π.Α.Δ. ΙΟΝΙΩΝ ΝΗΣΩΝ,19,22,148,19,25,195
2015,Γ.Π.Α.Δ. ΚΕΝΤΡΙΚΗΣ ΜΑΚΕΔΟΝΙΑΣ,58,57,303,67,77,491
2015,Γ.Π.Α.Δ. ΚΡΗΤΗΣ,58,54,84,62,61,139
2015,Γ.Π.Α.Δ. ΝΟΤΙΟΥ ΑΙΓΑΙΟΥ,41,121,182,43,137,293
2015,Γ.Π.Α.Δ. ΠΕΛΟΠΟΝΝΗΣΟΥ,73,101,448,79,120,657
2015,Γ.Π.Α.Δ. ΣΤΕΡΕΑΣ ΕΛΛΑΔΑΣ,50,54,317,52,67,448
2016,Γ.Α.Δ. ΘΕΣΣΑΛΟΝΙΚΗΣ,46,46,1930,49,54,2419
2016,Γ.Α.Δ. ΑΤΤΙΚΗΣ,196,202,5447,204,219,6634
2016,Γ.Π.Α.Δ. ΑΝΑΤΟΛΙΚΗΣ ΜΑΚΕΔΟΝΙΑΣ ΚΑΙ ΘΡΑΚΗΣ,41,53,354,46,66,509
2016,Γ.Π.Α.Δ. ΒΟΡΕΙΟΥ ΑΙΓΑΙΟΥ,17,15,72,17,17,105
2016,Γ.Π.Α.Δ. ΔΥΤΙΚΗΣ ΕΛΛΑΔΑΣ,57,60,370,59,69,554
2016,Γ.Π.Α.Δ. ΔΥΤΙΚΗΣ ΜΑΚΕΔΟΝΙΑΣ ,13,9,68,15,10,106
2016,Γ.Π.Α.Δ. ΗΠΕΙΡΟΥ,27,32,61,33,36,116
2016,Γ.Π.Α.Δ. ΘΕΣΣΑΛΙΑΣ,37,38,140,40,45,222
2016,Γ.Π.Α.Δ. ΙΟΝΙΩΝ ΝΗΣΩΝ,17,18,154,17,21,192
2016,Γ.Π.Α.Δ. ΚΕΝΤΡΙΚΗΣ ΜΑΚΕΔΟΝΙΑΣ ,80,44,284,87,57,440
2016,Γ.Π.Α.Δ. ΚΡΗΤΗΣ,59,44,85,65,50,138
2016,Γ.Π.Α.Δ. ΝΟΤΙΟΥ ΑΙΓΑΙΟΥ,41,79,188,43,87,268
2016,Γ.Π.Α.Δ. ΠΕΛΟΠΟΝΝΗΣΟΥ,63,59,433,69,70,618
2016,Γ.Π.Α.Δ. ΣΤΕΡΕΑΣ ΕΛΛΑΔΑΣ,59,43,315,61,54,477
2017,Γ.Α.Δ. ΘΕΣΣΑΛΟΝΙΚΗΣ,51,30,1637,57,36,2036
2017,Γ.Α.Δ. ΑΤΤΙΚΗΣ,171,192,5260,178,217,6322
2017,ΓE.Π.Α.Δ. ΑΝΑΤΟΛΙΚΗΣ ΜΑΚΕΔΟΝΙΑΣ ΚΑΙ ΘΡΑΚΗΣ,38,39,299,41,45,431
2017,ΓE.Π.Α.Δ. ΒΟΡΕΙΟΥ ΑΙΓΑΙΟΥ,11,13,99,12,16,137
2017,ΓE.Π.Α.Δ. ΔΥΤΙΚΗΣ ΕΛΛΑΔΑΣ,59,49,386,69,54,548
2017,ΓE.Π.Α.Δ. ΔΥΤΙΚΗΣ ΜΑΚΕΔΟΝΙΑΣ ,12,9,55,12,11,79
2017,ΓE.Π.Α.Δ. ΗΠΕΙΡΟΥ,23,16,60,23,16,106
2017,ΓE.Π.Α.Δ. ΘΕΣΣΑΛΙΑΣ,46,29,135,48,33,224
2017,ΓE.Π.Α.Δ. ΙΟΝΙΩΝ ΝΗΣΩΝ,27,12,106,28,16,142
2017,ΓE.Π.Α.Δ. ΚΕΝΤΡΙΚΗΣ ΜΑΚΕΔΟΝΙΑΣ ,49,38,260,50,45,395
2017,ΓE.Π.Α.Δ. ΚΡΗΤΗΣ,45,36,63,48,42,126
2017,ΓE.Π.Α.Δ. ΝΟΤΙΟΥ ΑΙΓΑΙΟΥ,32,56,251,34,60,352
2017,ΓE.Π.Α.Δ. ΠΕΛΟΠΟΝΝΗΣΟΥ,60,48,415,65,58,616
2017,ΓE.Π.Α.Δ. ΣΤΕΡΕΑΣ ΕΛΛΑΔΑΣ,55,40,390,65,55,556
2018,Γ.Α.Δ. ΘΕΣΣΑΛΟΝΙΚΗΣ,36,31,1409,37,35,1817
2018,Γ.Α.Δ. ΑΤΤΙΚΗΣ,196,168,5198,202,186,6298
2018,Γ.Π.Α.Δ. ΑΝΑΤΟΛΙΚΗΣ ΜΑΚΕΔΟΝΙΑΣ ΚΑΙ ΘΡΑΚΗΣ,33,53,329,45,70,473
2018,Γ.Π.Α.Δ. ΒΟΡΕΙΟΥ ΑΙΓΑΙΟΥ,13,20,184,14,23,232
2018,Γ.Π.Α.Δ. ΔΥΤΙΚΗΣ ΕΛΛΑΔΑΣ,58,49,424,61,51,582
2018,Γ.Π.Α.Δ. ΔΥΤΙΚΗΣ ΜΑΚΕΔΟΝΙΑΣ ,19,5,40,22,8,69
2018,Γ.Π.Α.Δ. ΗΠΕΙΡΟΥ,23,15,82,26,17,124
2018,Γ.Π.Α.Δ. ΘΕΣΣΑΛΙΑΣ,27,39,129,28,43,205
2018,Γ.Π.Α.Δ. ΙΟΝΙΩΝ ΝΗΣΩΝ,9,15,90,10,16,119
2018,Γ.Π.Α.Δ. ΚΕΝΤΡΙΚΗΣ ΜΑΚΕΔΟΝΙΑΣ ,45,36,273,51,44,417
2018,Γ.Π.Α.Δ. ΚΡΗΤΗΣ,44,34,72,48,42,115
2018,Γ.Π.Α.Δ. ΝΟΤΙΟΥ ΑΙΓΑΙΟΥ,45,63,332,50,75,444
2018,Γ.Π.Α.Δ. ΠΕΛΟΠΟΝΝΗΣΟΥ,57,34,438,63,43,618
2018,Γ.Π.Α.Δ. ΣΤΕΡΕΑΣ ΕΛΛΑΔΑΣ,50,39,377,52,48,560
2019,Γ.Α.Δ. ΘΕΣΣΑΛΟΝΙΚΗΣ,56,31,1414,58,38,1768
2019,Γ.Α.Δ. ΑΤΤΙΚΗΣ,187,173,5393,194,192,6404
2019,ΓE.Π.Α.Δ. ΑΝΑΤΟΛΙΚΗΣ ΜΑΚΕΔΟΝΙΑΣ ΚΑΙ ΘΡΑΚΗΣ,40,29,338,47,34,475
2019,ΓE.Π.Α.Δ. ΒΟΡΕΙΟΥ ΑΙΓΑΙΟΥ,17,22,160,19,23,209
2019,ΓE.Π.Α.Δ. ΔΥΤΙΚΗΣ ΕΛΛΑΔΑΣ,54,37,362,57,41,494
2019,ΓE.Π.Α.Δ. ΔΥΤΙΚΗΣ ΜΑΚΕΔΟΝΙΑΣ ,16,5,47,17,8,68
2019,ΓE.Π.Α.Δ. ΗΠΕΙΡΟΥ,17,17,59,17,19,102
2019,ΓE.Π.Α.Δ. ΘΕΣΣΑΛΙΑΣ,38,34,157,40,39,232
2019,ΓE.Π.Α.Δ. ΙΟΝΙΩΝ ΝΗΣΩΝ,15,18,137,15,19,190
2019,ΓE.Π.Α.Δ. ΚΕΝΤΡΙΚΗΣ ΜΑΚΕΔΟΝΙΑΣ ,45,30,285,48,36,431
2019,ΓE.Π.Α.Δ. ΚΡΗΤΗΣ,46,35,75,49,43,131
2019,ΓE.Π.Α.Δ. ΝΟΤΙΟΥ ΑΙΓΑΙΟΥ,36,56,338,37,68,458
2019,ΓE.Π.Α.Δ. ΠΕΛΟΠΟΝΝΗΣΟΥ,59,31,375,61,36,541
2019,ΓE.Π.Α.Δ. ΣΤΕΡΕΑΣ ΕΛΛΑΔΑΣ,39,32,385,42,46,523
